{"cameraMode":{"drawMode":0,"name":"Shaded","section":"Shading Mode"},"sceneLighting":false,"audioPlay":false,"sceneViewState":{"showFog":true,"showMaterialUpdate":true,"showSkybox":true,"showFlares":true,"showImageEffects":true,"showParticleSystems":true},"in2DMode":false,"pivot":{"x":-17.879714965820314,"y":117.57888793945313,"z":-149.1897735595703},"rotation":{"x":0.27306291460990908,"y":-0.04585043713450432,"z":0.013056276366114617,"w":0.9608368277549744},"size":131.4495849609375,"orthographic":false}