{"cameraMode":{"drawMode":0,"name":"Shaded","section":"Shading Mode"},"sceneLighting":false,"audioPlay":false,"sceneViewState":{"showFog":true,"showMaterialUpdate":true,"showSkybox":true,"showFlares":true,"showImageEffects":true,"showParticleSystems":true},"in2DMode":false,"pivot":{"x":783.2283935546875,"y":666.19580078125,"z":-7.96014404296875},"rotation":{"x":0.1648963838815689,"y":0.05415380746126175,"z":-0.009130563586950302,"w":0.9848412871360779},"size":910.4146728515625,"orthographic":false}