{"cameraMode":{"drawMode":0,"name":"Shaded","section":"Shading Mode"},"sceneLighting":false,"audioPlay":false,"sceneViewState":{"showFog":true,"showMaterialUpdate":true,"showSkybox":true,"showFlares":true,"showImageEffects":true,"showParticleSystems":true},"in2DMode":false,"pivot":{"x":175.19349670410157,"y":263.092041015625,"z":88.35261535644531},"rotation":{"x":0.12700195610523225,"y":0.12641547620296479,"z":-0.016307204961776735,"w":0.983707845211029},"size":394.25958251953127,"orthographic":false}