{"cameraMode":{"drawMode":0,"name":"Shaded","section":"Shading Mode"},"sceneLighting":true,"audioPlay":false,"sceneViewState":{"showFog":true,"showMaterialUpdate":false,"showSkybox":true,"showFlares":true,"showImageEffects":true,"showParticleSystems":true},"in2DMode":false,"pivot":{"x":-342.5625305175781,"y":-37.507789611816409,"z":-79.254150390625},"rotation":{"x":0.18217216432094575,"y":0.03635188564658165,"z":-0.0065228682942688469,"w":0.9825727939605713},"size":161.67442321777345,"orthographic":false}