{"cameraMode":{"drawMode":0,"name":"Shaded","section":"Shading Mode"},"sceneLighting":false,"audioPlay":false,"sceneViewState":{"showFog":true,"showMaterialUpdate":true,"showSkybox":true,"showFlares":true,"showImageEffects":true,"showParticleSystems":true},"in2DMode":false,"pivot":{"x":22.95909309387207,"y":56.1019287109375,"z":-138.5547637939453},"rotation":{"x":0.4352993369102478,"y":0.04183782637119293,"z":-0.0202570091933012,"w":0.8990786671638489},"size":174.9345703125,"orthographic":false}