{"cameraMode":{"drawMode":0,"name":"Shaded","section":"Shading Mode"},"sceneLighting":false,"audioPlay":false,"sceneViewState":{"showFog":true,"showMaterialUpdate":true,"showSkybox":true,"showFlares":true,"showImageEffects":true,"showParticleSystems":true},"in2DMode":false,"pivot":{"x":19.997276306152345,"y":73.46400451660156,"z":-141.12254333496095},"rotation":{"x":-0.3494628071784973,"y":-0.011267422698438168,"z":0.0041731479577720169,"w":-0.9369373917579651},"size":179.80564880371095,"orthographic":false}