{"cameraMode":{"drawMode":0,"name":"Shaded","section":"Shading Mode"},"sceneLighting":false,"audioPlay":false,"sceneViewState":{"showFog":true,"showMaterialUpdate":true,"showSkybox":true,"showFlares":true,"showImageEffects":true,"showParticleSystems":true},"in2DMode":false,"pivot":{"x":0.4589802622795105,"y":4.194602966308594,"z":-15.589910507202149},"rotation":{"x":-0.12702086567878724,"y":0.5951528549194336,"z":-0.09598911553621292,"w":-0.7876297235488892},"size":19.76044273376465,"orthographic":false}