{"cameraMode":{"drawMode":0,"name":"Shaded","section":"Shading Mode"},"sceneLighting":false,"audioPlay":false,"sceneViewState":{"showFog":true,"showMaterialUpdate":false,"showSkybox":true,"showFlares":true,"showImageEffects":true,"showParticleSystems":true},"in2DMode":false,"pivot":{"x":13.516695022583008,"y":131.21121215820313,"z":-261.0604248046875},"rotation":{"x":0.30982357263565066,"y":-0.04037295654416084,"z":0.013415854424238205,"w":0.9498417973518372},"size":5.516097545623779,"orthographic":false}