{"cameraMode":{"drawMode":0,"name":"Shaded","section":"Shading Mode"},"sceneLighting":false,"audioPlay":false,"sceneViewState":{"showFog":true,"showMaterialUpdate":true,"showSkybox":true,"showFlares":true,"showImageEffects":true,"showParticleSystems":true},"in2DMode":false,"pivot":{"x":597.224609375,"y":563.7387084960938,"z":-84.19964599609375},"rotation":{"x":0.05035935714840889,"y":-0.03051956556737423,"z":0.0014688209630548955,"w":0.9983252286911011},"size":1073.5162353515625,"orthographic":false}