{"cameraMode":{"drawMode":0,"name":"Shaded","section":"Shading Mode"},"sceneLighting":false,"audioPlay":false,"sceneViewState":{"showFog":true,"showMaterialUpdate":true,"showSkybox":true,"showFlares":true,"showImageEffects":true,"showParticleSystems":true},"in2DMode":false,"pivot":{"x":17.948436737060548,"y":88.75458526611328,"z":-189.20260620117188},"rotation":{"x":0.4888004958629608,"y":0.022241337224841119,"z":-0.012467156164348126,"w":0.8720200657844544},"size":74.1455078125,"orthographic":false}