{"cameraMode":{"drawMode":0,"name":"Shaded","section":"Shading Mode"},"sceneLighting":false,"audioPlay":false,"sceneViewState":{"showFog":true,"showMaterialUpdate":true,"showSkybox":true,"showFlares":true,"showImageEffects":true,"showParticleSystems":true},"in2DMode":false,"pivot":{"x":20.80823516845703,"y":130.5322723388672,"z":-96.81646728515625},"rotation":{"x":0.1052028089761734,"y":-0.738045334815979,"z":0.11834084987640381,"w":0.6559927463531494},"size":14.4243745803833,"orthographic":false}