{"cameraMode":{"drawMode":0,"name":"Shaded","section":"Shading Mode"},"sceneLighting":false,"audioPlay":false,"sceneViewState":{"showFog":true,"showMaterialUpdate":true,"showSkybox":true,"showFlares":true,"showImageEffects":true,"showParticleSystems":true},"in2DMode":false,"pivot":{"x":3.4082274436950685,"y":131.9335174560547,"z":-94.53047180175781},"rotation":{"x":-0.20966188609600068,"y":0.6926237940788269,"z":-0.22227364778518678,"w":-0.6534731984138489},"size":33.361629486083987,"orthographic":false}