{"cameraMode":{"drawMode":0,"name":"Shaded","section":"Shading Mode"},"sceneLighting":false,"audioPlay":false,"sceneViewState":{"showFog":true,"showMaterialUpdate":true,"showSkybox":true,"showFlares":true,"showImageEffects":true,"showParticleSystems":true},"in2DMode":false,"pivot":{"x":388.619140625,"y":658.2439575195313,"z":-67.872314453125},"rotation":{"x":-0.08688216656446457,"y":0.018525706604123117,"z":-0.0016031295526772738,"w":-0.9960965514183044},"size":968.4695434570313,"orthographic":false}