{"cameraMode":{"drawMode":0,"name":"Shaded","section":"Shading Mode"},"sceneLighting":false,"audioPlay":false,"sceneViewState":{"showFog":true,"showMaterialUpdate":false,"showSkybox":true,"showFlares":true,"showImageEffects":true,"showParticleSystems":true},"in2DMode":false,"pivot":{"x":0.0,"y":18.572961807250978,"z":0.000003814697265625},"rotation":{"x":-0.3049788177013397,"y":0.42199647426605227,"z":-0.1532331258058548,"w":-0.8398967385292053},"size":173.80227661132813,"orthographic":false}