{"cameraMode":{"drawMode":0,"name":"Shaded","section":"Shading Mode"},"sceneLighting":false,"audioPlay":false,"sceneViewState":{"showFog":true,"showMaterialUpdate":true,"showSkybox":true,"showFlares":true,"showImageEffects":true,"showParticleSystems":true},"in2DMode":false,"pivot":{"x":488.4735412597656,"y":443.23858642578127,"z":-25.2421875},"rotation":{"x":0.08626788854598999,"y":0.024842558428645135,"z":-0.0022362032905220987,"w":0.9960245490074158},"size":1191.4228515625,"orthographic":false}