{"cameraMode":{"drawMode":0,"name":"Shaded","section":"Shading Mode"},"sceneLighting":false,"audioPlay":false,"sceneViewState":{"showFog":true,"showMaterialUpdate":true,"showSkybox":true,"showFlares":true,"showImageEffects":true,"showParticleSystems":true},"in2DMode":false,"pivot":{"x":19.915626525878908,"y":139.40985107421876,"z":-215.32513427734376},"rotation":{"x":0.22286225855350495,"y":-0.7271884083747864,"z":0.27570781111717226,"w":0.5878049731254578},"size":51.43589401245117,"orthographic":false}