{"cameraMode":{"drawMode":0,"name":"Shaded","section":"Shading Mode"},"sceneLighting":false,"audioPlay":false,"sceneViewState":{"showFog":true,"showMaterialUpdate":true,"showSkybox":true,"showFlares":true,"showImageEffects":true,"showParticleSystems":true},"in2DMode":false,"pivot":{"x":18.330442428588868,"y":134.66773986816407,"z":-231.73512268066407},"rotation":{"x":0.24942485988140107,"y":0.6193430423736572,"z":-0.21692678332328797,"w":0.712150514125824},"size":55.914188385009769,"orthographic":false}