{"cameraMode":{"drawMode":0,"name":"Shaded","section":"Shading Mode"},"sceneLighting":false,"audioPlay":false,"sceneViewState":{"showFog":true,"showMaterialUpdate":true,"showSkybox":true,"showFlares":true,"showImageEffects":true,"showParticleSystems":true},"in2DMode":false,"pivot":{"x":31.667587280273439,"y":124.37716674804688,"z":-219.86660766601563},"rotation":{"x":-0.3172838091850281,"y":-0.32179218530654909,"z":0.11542806774377823,"w":-0.8845635652542114},"size":97.74762725830078,"orthographic":false}