{"cameraMode":{"drawMode":0,"name":"Shaded","section":"Shading Mode"},"sceneLighting":false,"audioPlay":false,"sceneViewState":{"showFog":true,"showMaterialUpdate":false,"showSkybox":true,"showFlares":true,"showImageEffects":true,"showParticleSystems":true},"in2DMode":false,"pivot":{"x":-0.000001430511474609375,"y":0.1501631736755371,"z":4.9999918937683109},"rotation":{"x":-0.3049788177013397,"y":0.42199647426605227,"z":-0.1532331258058548,"w":-0.8398967385292053},"size":33.176273345947269,"orthographic":false}