{"cameraMode":{"drawMode":0,"name":"Shaded","section":"Shading Mode"},"sceneLighting":false,"audioPlay":false,"sceneViewState":{"showFog":true,"showMaterialUpdate":true,"showSkybox":true,"showFlares":true,"showImageEffects":true,"showParticleSystems":true},"in2DMode":false,"pivot":{"x":624.2999877929688,"y":671.7000122070313,"z":0.0},"rotation":{"x":0.2377302646636963,"y":0.012673255056142807,"z":-0.0026677532587200405,"w":0.9714224934577942},"size":553.4829711914063,"orthographic":false}