{"cameraMode":{"drawMode":0,"name":"Shaded","section":"Shading Mode"},"sceneLighting":false,"audioPlay":false,"sceneViewState":{"showFog":true,"showMaterialUpdate":true,"showSkybox":true,"showFlares":true,"showImageEffects":true,"showParticleSystems":true},"in2DMode":false,"pivot":{"x":0.0,"y":1.2351665496826172,"z":-0.00000762939453125},"rotation":{"x":0.14979057013988496,"y":0.5346513390541077,"z":-0.09694210439920426,"w":0.8259193897247315},"size":14.650689125061036,"orthographic":false}