{"cameraMode":{"drawMode":0,"name":"Shaded","section":"Shading Mode"},"sceneLighting":false,"audioPlay":false,"sceneViewState":{"showFog":true,"showMaterialUpdate":true,"showSkybox":true,"showFlares":true,"showImageEffects":true,"showParticleSystems":true},"in2DMode":false,"pivot":{"x":18.056825637817384,"y":131.48252868652345,"z":-279.7529602050781},"rotation":{"x":-0.431640088558197,"y":-0.017054017633199693,"z":0.008165186271071434,"w":-0.9018401503562927},"size":6.170881271362305,"orthographic":false}