{"cameraMode":{"drawMode":0,"name":"Shaded","section":"Shading Mode"},"sceneLighting":false,"audioPlay":false,"sceneViewState":{"showFog":true,"showMaterialUpdate":true,"showSkybox":true,"showFlares":true,"showImageEffects":true,"showParticleSystems":true},"in2DMode":false,"pivot":{"x":675.1035766601563,"y":474.1585998535156,"z":-48.82886505126953},"rotation":{"x":-0.031499940901994708,"y":-0.0030473372898995878,"z":-0.00004373265983304009,"w":-0.9995798468589783},"size":1003.6787109375,"orthographic":false}