{"cameraMode":{"drawMode":0,"name":"Shaded","section":"Shading Mode"},"sceneLighting":false,"audioPlay":false,"sceneViewState":{"showFog":true,"showMaterialUpdate":true,"showSkybox":true,"showFlares":true,"showImageEffects":true,"showParticleSystems":true},"in2DMode":false,"pivot":{"x":573.669189453125,"y":586.4214477539063,"z":-13.78900146484375},"rotation":{"x":0.04048905894160271,"y":0.01891130954027176,"z":-0.0006198714836500585,"w":0.9991205334663391},"size":738.6830444335938,"orthographic":false}