{"cameraMode":{"drawMode":0,"name":"Shaded","section":"Shading Mode"},"sceneLighting":false,"audioPlay":false,"sceneViewState":{"showFog":true,"showMaterialUpdate":true,"showSkybox":true,"showFlares":true,"showImageEffects":true,"showParticleSystems":true},"in2DMode":false,"pivot":{"x":13.881072044372559,"y":131.56732177734376,"z":-238.13375854492188},"rotation":{"x":0.10779228806495667,"y":-0.0014926895964890719,"z":0.00015145250654313713,"w":0.9941926002502441},"size":39.23393630981445,"orthographic":false}