{"cameraMode":{"drawMode":0,"name":"Shaded","section":"Shading Mode"},"sceneLighting":false,"audioPlay":false,"sceneViewState":{"showFog":true,"showMaterialUpdate":true,"showSkybox":true,"showFlares":true,"showImageEffects":true,"showParticleSystems":true},"in2DMode":false,"pivot":{"x":21.329998016357423,"y":130.0128631591797,"z":-117.60000610351563},"rotation":{"x":-0.02134109102189541,"y":0.9760486483573914,"z":-0.11263975501060486,"w":-0.1848829835653305},"size":22.0,"orthographic":false}