{"cameraMode":{"drawMode":0,"name":"Shaded","section":"Shading Mode"},"sceneLighting":false,"audioPlay":false,"sceneViewState":{"showFog":true,"showMaterialUpdate":true,"showSkybox":true,"showFlares":true,"showImageEffects":true,"showParticleSystems":true},"in2DMode":false,"pivot":{"x":11.997517585754395,"y":136.6527099609375,"z":-102.00273132324219},"rotation":{"x":0.05816318467259407,"y":-0.9392464756965637,"z":0.199583038687706,"w":0.27336743474006655},"size":31.254663467407228,"orthographic":false}