{"cameraMode":{"drawMode":0,"name":"Shaded","section":"Shading Mode"},"sceneLighting":false,"audioPlay":false,"sceneViewState":{"showFog":true,"showMaterialUpdate":true,"showSkybox":true,"showFlares":true,"showImageEffects":true,"showParticleSystems":true},"in2DMode":false,"pivot":{"x":5.614304542541504,"y":131.52000427246095,"z":-132.50999450683595},"rotation":{"x":0.10298271477222443,"y":-0.8968316316604614,"z":0.314113587141037,"w":0.2940133512020111},"size":81.596923828125,"orthographic":false}