{"cameraMode":{"drawMode":0,"name":"Shaded","section":"Shading Mode"},"sceneLighting":false,"audioPlay":false,"sceneViewState":{"showFog":true,"showMaterialUpdate":true,"showSkybox":true,"showFlares":true,"showImageEffects":true,"showParticleSystems":true},"in2DMode":false,"pivot":{"x":5.170626640319824,"y":110.26571655273438,"z":-145.60162353515626},"rotation":{"x":-0.35930758714675906,"y":0.0027738010976463558,"z":-0.0011043981648981572,"w":-0.9332858324050903},"size":116.94437408447266,"orthographic":false}