{"cameraMode":{"drawMode":0,"name":"Shaded","section":"Shading Mode"},"sceneLighting":false,"audioPlay":false,"sceneViewState":{"showFog":true,"showMaterialUpdate":true,"showSkybox":true,"showFlares":true,"showImageEffects":true,"showParticleSystems":true},"in2DMode":false,"pivot":{"x":4.76837158203125e-7,"y":1.4500036239624024,"z":-1.1920928955078126e-7},"rotation":{"x":0.11464110016822815,"y":0.15872792899608613,"z":-0.01855166256427765,"w":0.9804455041885376},"size":6.434846878051758,"orthographic":false}