{"cameraMode":{"drawMode":0,"name":"Shaded","section":"Shading Mode"},"sceneLighting":false,"audioPlay":false,"sceneViewState":{"showFog":true,"showMaterialUpdate":true,"showSkybox":true,"showFlares":true,"showImageEffects":true,"showParticleSystems":true},"in2DMode":false,"pivot":{"x":21.5,"y":130.0128631591797,"z":-108.41000366210938},"rotation":{"x":0.22836503386497498,"y":-0.6046790480613709,"z":0.18666397035121919,"w":0.7398753762245178},"size":9.131793022155762,"orthographic":false}