{"cameraMode":{"drawMode":0,"name":"Shaded","section":"Shading Mode"},"sceneLighting":false,"audioPlay":false,"sceneViewState":{"showFog":true,"showMaterialUpdate":true,"showSkybox":true,"showFlares":true,"showImageEffects":true,"showParticleSystems":true},"in2DMode":false,"pivot":{"x":16.596906661987306,"y":145.34275817871095,"z":-270.50567626953127},"rotation":{"x":-0.2768178880214691,"y":-0.015283040702342987,"z":0.004404876381158829,"w":-0.960844874382019},"size":42.74617385864258,"orthographic":false}