{"cameraMode":{"drawMode":0,"name":"Shaded","section":"Shading Mode"},"sceneLighting":false,"audioPlay":false,"sceneViewState":{"showFog":true,"showMaterialUpdate":true,"showSkybox":true,"showFlares":true,"showImageEffects":true,"showParticleSystems":true},"in2DMode":false,"pivot":{"x":20.970739364624025,"y":130.194091796875,"z":-178.58523559570313},"rotation":{"x":-0.19255892932415009,"y":-0.5462453961372376,"z":0.13072797656059266,"w":-0.804638683795929},"size":78.75596618652344,"orthographic":false}