{"cameraMode":{"drawMode":0,"name":"Shaded","section":"Shading Mode"},"sceneLighting":false,"audioPlay":false,"sceneViewState":{"showFog":true,"showMaterialUpdate":true,"showSkybox":true,"showFlares":true,"showImageEffects":true,"showParticleSystems":true},"in2DMode":false,"pivot":{"x":8.436623573303223,"y":135.30795288085938,"z":-126.797119140625},"rotation":{"x":0.2773667871952057,"y":-0.04612494260072708,"z":0.013220611028373242,"w":0.9594952464103699},"size":22.0,"orthographic":false}