{"cameraMode":{"drawMode":0,"name":"Shaded","section":"Shading Mode"},"sceneLighting":false,"audioPlay":false,"sceneViewState":{"showFog":true,"showMaterialUpdate":true,"showSkybox":true,"showFlares":true,"showImageEffects":true,"showParticleSystems":true},"in2DMode":false,"pivot":{"x":0.000004172325134277344,"y":1.490254282951355,"z":0.07523050904273987},"rotation":{"x":-0.0024438377004116775,"y":0.9915027022361755,"z":-0.1280129998922348,"w":-0.019044622778892518},"size":7.5850934982299809,"orthographic":false}