{"cameraMode":{"drawMode":0,"name":"Shaded","section":"Shading Mode"},"sceneLighting":false,"audioPlay":false,"sceneViewState":{"showFog":true,"showMaterialUpdate":true,"showSkybox":true,"showFlares":true,"showImageEffects":true,"showParticleSystems":true},"in2DMode":false,"pivot":{"x":0.8214864730834961,"y":133.90675354003907,"z":-130.0013885498047},"rotation":{"x":-0.33202865719795229,"y":-0.14826998114585877,"z":0.052935581654310229,"w":-0.9300525188446045},"size":22.0,"orthographic":false}