{"cameraMode":{"drawMode":0,"name":"Shaded","section":"Shading Mode"},"sceneLighting":false,"audioPlay":false,"sceneViewState":{"showFog":true,"showMaterialUpdate":true,"showSkybox":true,"showFlares":true,"showImageEffects":true,"showParticleSystems":true},"in2DMode":false,"pivot":{"x":1.600171446800232,"y":132.5413055419922,"z":-110.20891571044922},"rotation":{"x":0.0014460065867751837,"y":0.9416354298591614,"z":-0.3368055820465088,"w":0.003931913524866104},"size":19.304073333740236,"orthographic":false}