{"cameraMode":{"drawMode":0,"name":"Shaded","section":"Shading Mode"},"sceneLighting":false,"audioPlay":false,"sceneViewState":{"showFog":true,"showMaterialUpdate":true,"showSkybox":true,"showFlares":true,"showImageEffects":true,"showParticleSystems":true},"in2DMode":false,"pivot":{"x":23.861717224121095,"y":128.9595184326172,"z":-223.86399841308595},"rotation":{"x":0.45989230275154116,"y":-0.007991568185389042,"z":0.004138831980526447,"w":0.8879222273826599},"size":77.20559692382813,"orthographic":false}