{"cameraMode":{"drawMode":0,"name":"Shaded","section":"Shading Mode"},"sceneLighting":false,"audioPlay":false,"sceneViewState":{"showFog":true,"showMaterialUpdate":false,"showSkybox":true,"showFlares":true,"showImageEffects":true,"showParticleSystems":true},"in2DMode":false,"pivot":{"x":13.516695022583008,"y":131.21121215820313,"z":-261.0604248046875},"rotation":{"x":0.33845165371894839,"y":0.015082631260156632,"z":-0.005171414464712143,"w":0.940848708152771},"size":5.516097545623779,"orthographic":false}