{"cameraMode":{"drawMode":0,"name":"Shaded","section":"Shading Mode"},"sceneLighting":false,"audioPlay":false,"sceneViewState":{"showFog":true,"showMaterialUpdate":true,"showSkybox":true,"showFlares":true,"showImageEffects":true,"showParticleSystems":true},"in2DMode":false,"pivot":{"x":14.821649551391602,"y":130.69798278808595,"z":-279.8636169433594},"rotation":{"x":-0.06288573890924454,"y":0.821171760559082,"z":-0.09227277338504791,"w":-0.5596331357955933},"size":10.759861946105957,"orthographic":false}