{"cameraMode":{"drawMode":0,"name":"Shaded","section":"Shading Mode"},"sceneLighting":false,"audioPlay":false,"sceneViewState":{"showFog":true,"showMaterialUpdate":true,"showSkybox":true,"showFlares":true,"showImageEffects":true,"showParticleSystems":true},"in2DMode":false,"pivot":{"x":16.02998924255371,"y":149.555419921875,"z":-270.3704833984375},"rotation":{"x":-0.2797187566757202,"y":-0.013043418526649475,"z":0.0036542080342769624,"w":-0.9600709080696106},"size":20.593212127685548,"orthographic":false}