{"cameraMode":{"drawMode":0,"name":"Shaded","section":"Shading Mode"},"sceneLighting":false,"audioPlay":false,"sceneViewState":{"showFog":true,"showMaterialUpdate":true,"showSkybox":true,"showFlares":true,"showImageEffects":true,"showParticleSystems":true},"in2DMode":false,"pivot":{"x":-0.5517840385437012,"y":1.8778762817382813,"z":3.3062591552734377},"rotation":{"x":-0.09161607176065445,"y":-0.6928229928016663,"z":0.08945173025131226,"w":-0.7096442580223084},"size":12.326330184936524,"orthographic":false}