{"cameraMode":{"drawMode":0,"name":"Shaded","section":"Shading Mode"},"sceneLighting":false,"audioPlay":false,"sceneViewState":{"showFog":true,"showMaterialUpdate":true,"showSkybox":true,"showFlares":true,"showImageEffects":true,"showParticleSystems":true},"in2DMode":false,"pivot":{"x":-36.59000015258789,"y":130.24000549316407,"z":-173.92999267578126},"rotation":{"x":0.45415353775024416,"y":-0.1460791677236557,"z":0.07634881138801575,"w":0.8757334351539612},"size":22.0,"orthographic":false}