{"cameraMode":{"drawMode":0,"name":"Shaded","section":"Shading Mode"},"sceneLighting":false,"audioPlay":false,"sceneViewState":{"showFog":true,"showMaterialUpdate":true,"showSkybox":true,"showFlares":true,"showImageEffects":true,"showParticleSystems":true},"in2DMode":false,"pivot":{"x":502.8809509277344,"y":445.5314025878906,"z":-2.3009033203125},"rotation":{"x":-0.023395491763949395,"y":-0.0024072572123259308,"z":0.00006603351357625797,"w":-0.9997164011001587},"size":764.5045776367188,"orthographic":false}