{"cameraMode":{"drawMode":0,"name":"Shaded","section":"Shading Mode"},"sceneLighting":true,"audioPlay":false,"sceneViewState":{"showFog":true,"showMaterialUpdate":false,"showSkybox":true,"showFlares":true,"showImageEffects":true,"showParticleSystems":true},"in2DMode":false,"pivot":{"x":-159.07872009277345,"y":-15.606742858886719,"z":8.432785034179688},"rotation":{"x":0.19383925199508668,"y":0.04950808361172676,"z":-0.009556891396641732,"w":0.9797367453575134},"size":257.68145751953127,"orthographic":false}