{"cameraMode":{"drawMode":0,"name":"Shaded","section":"Shading Mode"},"sceneLighting":false,"audioPlay":false,"sceneViewState":{"showFog":true,"showMaterialUpdate":true,"showSkybox":true,"showFlares":true,"showImageEffects":true,"showParticleSystems":true},"in2DMode":false,"pivot":{"x":7.746788501739502,"y":101.21820831298828,"z":-150.3551483154297},"rotation":{"x":-0.4044049382209778,"y":0.01563124917447567,"z":-0.006915945094078779,"w":-0.9144107103347778},"size":131.68038940429688,"orthographic":false}