{"cameraMode":{"drawMode":0,"name":"Shaded","section":"Shading Mode"},"sceneLighting":false,"audioPlay":false,"sceneViewState":{"showFog":true,"showMaterialUpdate":true,"showSkybox":true,"showFlares":true,"showImageEffects":true,"showParticleSystems":true},"in2DMode":false,"pivot":{"x":5.932962417602539,"y":124.90062713623047,"z":-113.46258544921875},"rotation":{"x":-0.09066121280193329,"y":0.9093724489212036,"z":-0.2902962565422058,"w":-0.28399500250816347},"size":44.27707290649414,"orthographic":false}