{"cameraMode":{"drawMode":0,"name":"Shaded","section":"Shading Mode"},"sceneLighting":false,"audioPlay":false,"sceneViewState":{"showFog":true,"showMaterialUpdate":true,"showSkybox":true,"showFlares":true,"showImageEffects":true,"showParticleSystems":true},"in2DMode":false,"pivot":{"x":18.254304885864259,"y":132.36663818359376,"z":-127.17623901367188},"rotation":{"x":-0.1005018800497055,"y":-0.407478004693985,"z":0.045147210359573367,"w":-0.9065763354301453},"size":10.346529006958008,"orthographic":false}