{"cameraMode":{"drawMode":0,"name":"Shaded","section":"Shading Mode"},"sceneLighting":false,"audioPlay":false,"sceneViewState":{"showFog":true,"showMaterialUpdate":true,"showSkybox":true,"showFlares":true,"showImageEffects":true,"showParticleSystems":true},"in2DMode":false,"pivot":{"x":-6.943142890930176,"y":130.8871612548828,"z":-194.47125244140626},"rotation":{"x":0.19534741342067719,"y":0.08666754513978958,"z":-0.017338372766971589,"w":0.976733922958374},"size":15.441184043884278,"orthographic":false}