{"cameraMode":{"drawMode":0,"name":"Shaded","section":"Shading Mode"},"sceneLighting":false,"audioPlay":false,"sceneViewState":{"showFog":true,"showMaterialUpdate":true,"showSkybox":true,"showFlares":true,"showImageEffects":true,"showParticleSystems":true},"in2DMode":false,"pivot":{"x":530.4669799804688,"y":577.2340087890625,"z":49.782958984375},"rotation":{"x":-0.05397552251815796,"y":-0.011999836191534996,"z":0.0006118845194578171,"w":-0.9985354542732239},"size":944.1609497070313,"orthographic":false}