{"cameraMode":{"drawMode":0,"name":"Shaded","section":"Shading Mode"},"sceneLighting":false,"audioPlay":false,"sceneViewState":{"showFog":true,"showMaterialUpdate":true,"showSkybox":true,"showFlares":true,"showImageEffects":true,"showParticleSystems":true},"in2DMode":false,"pivot":{"x":562.4037475585938,"y":475.01568603515627,"z":-1.53209388256073},"rotation":{"x":-0.05397552251815796,"y":-0.011999836191534996,"z":0.0006118845194578171,"w":-0.9985354542732239},"size":1134.50732421875,"orthographic":false}