{"cameraMode":{"drawMode":0,"name":"Shaded","section":"Shading Mode"},"sceneLighting":false,"audioPlay":false,"sceneViewState":{"showFog":true,"showMaterialUpdate":true,"showSkybox":true,"showFlares":true,"showImageEffects":true,"showParticleSystems":true},"in2DMode":false,"pivot":{"x":-38.86332702636719,"y":132.19786071777345,"z":-180.26597595214845},"rotation":{"x":-0.5363575220108032,"y":-0.3205817937850952,"z":0.23051747679710389,"w":-0.7459290027618408},"size":28.123180389404298,"orthographic":false}