{"cameraMode":{"drawMode":0,"name":"Shaded","section":"Shading Mode"},"sceneLighting":false,"audioPlay":false,"sceneViewState":{"showFog":true,"showMaterialUpdate":true,"showSkybox":true,"showFlares":true,"showImageEffects":true,"showParticleSystems":true},"in2DMode":false,"pivot":{"x":12.105246543884278,"y":102.56440734863281,"z":-145.96133422851563},"rotation":{"x":-0.32064104080200198,"y":-0.0008605110924690962,"z":0.00028476957231760025,"w":-0.9472253322601318},"size":120.1352310180664,"orthographic":false}