{"cameraMode":{"drawMode":0,"name":"Shaded","section":"Shading Mode"},"sceneLighting":false,"audioPlay":false,"sceneViewState":{"showFog":true,"showMaterialUpdate":true,"showSkybox":true,"showFlares":true,"showImageEffects":true,"showParticleSystems":true},"in2DMode":false,"pivot":{"x":16.506999969482423,"y":130.71286010742188,"z":-121.41000366210938},"rotation":{"x":0.2026817798614502,"y":-0.5042147040367127,"z":0.12306464463472367,"w":0.8304044604301453},"size":4.62434720993042,"orthographic":false}