{"cameraMode":{"drawMode":0,"name":"Shaded","section":"Shading Mode"},"sceneLighting":false,"audioPlay":false,"sceneViewState":{"showFog":true,"showMaterialUpdate":true,"showSkybox":true,"showFlares":true,"showImageEffects":true,"showParticleSystems":true},"in2DMode":false,"pivot":{"x":512.5999755859375,"y":454.4749755859375,"z":0.0},"rotation":{"x":0.0374913364648819,"y":0.008994217030704022,"z":-0.00033713816083036363,"w":0.9992808699607849},"size":923.9285278320313,"orthographic":false}