{"cameraMode":{"drawMode":0,"name":"Shaded","section":"Shading Mode"},"sceneLighting":false,"audioPlay":false,"sceneViewState":{"showFog":true,"showMaterialUpdate":true,"showSkybox":false,"showFlares":true,"showImageEffects":true,"showParticleSystems":true},"in2DMode":false,"pivot":{"x":7.93292236328125,"y":4.244140625,"z":-5.1484375},"rotation":{"x":0.14305046200752259,"y":0.07859382033348084,"z":-0.011398711241781712,"w":0.9865283370018005},"size":25.027097702026368,"orthographic":false}