{"cameraMode":{"drawMode":0,"name":"Shaded","section":"Shading Mode"},"sceneLighting":false,"audioPlay":false,"sceneViewState":{"showFog":true,"showMaterialUpdate":true,"showSkybox":true,"showFlares":true,"showImageEffects":true,"showParticleSystems":true},"in2DMode":false,"pivot":{"x":623.6500244140625,"y":1073.6917724609375,"z":-11.55401611328125},"rotation":{"x":0.015790151432156564,"y":0.11170199513435364,"z":-0.0018596758600324393,"w":0.9936797022819519},"size":959.1072998046875,"orthographic":false}