{"cameraMode":{"drawMode":0,"name":"Shaded","section":"Shading Mode"},"sceneLighting":false,"audioPlay":false,"sceneViewState":{"showFog":true,"showMaterialUpdate":true,"showSkybox":true,"showFlares":true,"showImageEffects":true,"showParticleSystems":true},"in2DMode":false,"pivot":{"x":8.798526763916016,"y":130.5126190185547,"z":-101.87251281738281},"rotation":{"x":-0.09440822899341583,"y":0.9047476053237915,"z":-0.3138445019721985,"w":-0.27215924859046938},"size":18.06161117553711,"orthographic":false}