{"cameraMode":{"drawMode":0,"name":"Shaded","section":"Shading Mode"},"sceneLighting":false,"audioPlay":false,"sceneViewState":{"showFog":true,"showMaterialUpdate":true,"showSkybox":true,"showFlares":true,"showImageEffects":true,"showParticleSystems":true},"in2DMode":false,"pivot":{"x":14.621834754943848,"y":136.74868774414063,"z":-221.32891845703126},"rotation":{"x":-0.0035927705466747286,"y":0.05247042700648308,"z":0.00023298805172089487,"w":0.9985266327857971},"size":47.56141662597656,"orthographic":false}