{"cameraMode":{"drawMode":0,"name":"Shaded","section":"Shading Mode"},"sceneLighting":false,"audioPlay":false,"sceneViewState":{"showFog":true,"showMaterialUpdate":true,"showSkybox":true,"showFlares":true,"showImageEffects":true,"showParticleSystems":true},"in2DMode":false,"pivot":{"x":16.47870445251465,"y":120.16409301757813,"z":-187.7494354248047},"rotation":{"x":-0.3564390540122986,"y":0.01819298043847084,"z":-0.00697781378403306,"w":-0.9341862201690674},"size":77.12356567382813,"orthographic":false}