{"cameraMode":{"drawMode":0,"name":"Shaded","section":"Shading Mode"},"sceneLighting":false,"audioPlay":false,"sceneViewState":{"showFog":true,"showMaterialUpdate":true,"showSkybox":true,"showFlares":true,"showImageEffects":true,"showParticleSystems":true},"in2DMode":false,"pivot":{"x":7.30968713760376,"y":131.66281127929688,"z":-184.6999969482422},"rotation":{"x":-0.18127372860908509,"y":-0.43207651376724245,"z":0.08911944180727005,"w":-0.8789204955101013},"size":6.955397129058838,"orthographic":false}