{"cameraMode":{"drawMode":0,"name":"Shaded","section":"Shading Mode"},"sceneLighting":false,"audioPlay":false,"sceneViewState":{"showFog":true,"showMaterialUpdate":true,"showSkybox":true,"showFlares":true,"showImageEffects":true,"showParticleSystems":true},"in2DMode":false,"pivot":{"x":0.9361340999603272,"y":130.04051208496095,"z":-195.81246948242188},"rotation":{"x":-0.2674933075904846,"y":0.02658473327755928,"z":-0.007373266853392124,"w":-0.9631581902503967},"size":41.294376373291019,"orthographic":false}