{"cameraMode":{"drawMode":0,"name":"Shaded","section":"Shading Mode"},"sceneLighting":false,"audioPlay":false,"sceneViewState":{"showFog":true,"showMaterialUpdate":true,"showSkybox":true,"showFlares":true,"showImageEffects":true,"showParticleSystems":true},"in2DMode":false,"pivot":{"x":535.2899169921875,"y":528.0087280273438,"z":-17.0794677734375},"rotation":{"x":0.04048905894160271,"y":0.01891130954027176,"z":-0.0006198714836500585,"w":0.9991205334663391},"size":1058.421875,"orthographic":false}