{"cameraMode":{"drawMode":0,"name":"Shaded","section":"Shading Mode"},"sceneLighting":false,"audioPlay":false,"sceneViewState":{"showFog":true,"showMaterialUpdate":true,"showSkybox":true,"showFlares":true,"showImageEffects":true,"showParticleSystems":true},"in2DMode":false,"pivot":{"x":18.890087127685548,"y":132.08567810058595,"z":-279.7473449707031},"rotation":{"x":0.00033382143010385334,"y":0.99945467710495,"z":-0.030891558155417444,"w":0.010788755491375924},"size":5.1285719871521,"orthographic":false}