{"cameraMode":{"drawMode":0,"name":"Shaded","section":"Shading Mode"},"sceneLighting":false,"audioPlay":false,"sceneViewState":{"showFog":true,"showMaterialUpdate":true,"showSkybox":true,"showFlares":true,"showImageEffects":true,"showParticleSystems":true},"in2DMode":false,"pivot":{"x":2.2743053436279299,"y":130.25999450683595,"z":-130.70999145507813},"rotation":{"x":0.26653897762298586,"y":-0.562341570854187,"z":0.19790388643741609,"w":0.7573519945144653},"size":22.0,"orthographic":false}