{"cameraMode":{"drawMode":0,"name":"Shaded","section":"Shading Mode"},"sceneLighting":false,"audioPlay":false,"sceneViewState":{"showFog":true,"showMaterialUpdate":true,"showSkybox":true,"showFlares":true,"showImageEffects":true,"showParticleSystems":true},"in2DMode":false,"pivot":{"x":54.34271240234375,"y":18.468292236328126,"z":-114.71045684814453},"rotation":{"x":0.4067225158214569,"y":0.29505863785743716,"z":-0.14067748188972474,"w":0.8530663847923279},"size":204.19500732421876,"orthographic":false}