{"cameraMode":{"drawMode":0,"name":"Shaded","section":"Shading Mode"},"sceneLighting":false,"audioPlay":false,"sceneViewState":{"showFog":true,"showMaterialUpdate":true,"showSkybox":true,"showFlares":true,"showImageEffects":true,"showParticleSystems":true},"in2DMode":false,"pivot":{"x":14.251541137695313,"y":130.02198791503907,"z":-105.6863784790039},"rotation":{"x":-0.09440822899341583,"y":0.9047476053237915,"z":-0.3138445019721985,"w":-0.27215924859046938},"size":20.338333129882814,"orthographic":false}