{"cameraMode":{"drawMode":0,"name":"Shaded","section":"Shading Mode"},"sceneLighting":false,"audioPlay":false,"sceneViewState":{"showFog":true,"showMaterialUpdate":true,"showSkybox":true,"showFlares":true,"showImageEffects":true,"showParticleSystems":true},"in2DMode":false,"pivot":{"x":-9.610000610351563,"y":65.60000610351563,"z":-87.44000244140625},"rotation":{"x":0.44578081369400027,"y":-0.003177971113473177,"z":0.0016571898013353348,"w":0.8952443599700928},"size":367.2018737792969,"orthographic":false}