{"cameraMode":{"drawMode":0,"name":"Shaded","section":"Shading Mode"},"sceneLighting":false,"audioPlay":false,"sceneViewState":{"showFog":true,"showMaterialUpdate":true,"showSkybox":true,"showFlares":true,"showImageEffects":true,"showParticleSystems":true},"in2DMode":false,"pivot":{"x":14.866240501403809,"y":130.81069946289063,"z":-200.6739044189453},"rotation":{"x":-0.24438786506652833,"y":0.007844636216759682,"z":-0.0019739808049052955,"w":-0.9696449041366577},"size":30.187837600708009,"orthographic":false}