{"cameraMode":{"drawMode":0,"name":"Shaded","section":"Shading Mode"},"sceneLighting":false,"audioPlay":false,"sceneViewState":{"showFog":true,"showMaterialUpdate":false,"showSkybox":true,"showFlares":true,"showImageEffects":true,"showParticleSystems":true},"in2DMode":false,"pivot":{"x":18.500001907348634,"y":131.17572021484376,"z":-296.1988830566406},"rotation":{"x":0.008384944871068,"y":0.055470872670412067,"z":-0.00046574670705012977,"w":0.9984250068664551},"size":5.9612507820129398,"orthographic":false}