{"cameraMode":{"drawMode":0,"name":"Shaded","section":"Shading Mode"},"sceneLighting":false,"audioPlay":false,"sceneViewState":{"showFog":true,"showMaterialUpdate":true,"showSkybox":true,"showFlares":true,"showImageEffects":true,"showParticleSystems":true},"in2DMode":false,"pivot":{"x":-0.920745849609375,"y":144.11538696289063,"z":-231.3086700439453},"rotation":{"x":-0.1474355012178421,"y":-0.7095831036567688,"z":0.15558229386806489,"w":-0.6713455319404602},"size":25.530391693115236,"orthographic":false}