{"cameraMode":{"drawMode":0,"name":"Shaded","section":"Shading Mode"},"sceneLighting":false,"audioPlay":false,"sceneViewState":{"showFog":true,"showMaterialUpdate":true,"showSkybox":true,"showFlares":true,"showImageEffects":true,"showParticleSystems":true},"in2DMode":false,"pivot":{"x":389.2255859375,"y":674.3451538085938,"z":-72.6119384765625},"rotation":{"x":0.04498999938368797,"y":-0.0005795734468847513,"z":0.00009397068788530305,"w":0.9990858435630798},"size":306.4693603515625,"orthographic":false}