{"cameraMode":{"drawMode":0,"name":"Shaded","section":"Shading Mode"},"sceneLighting":false,"audioPlay":false,"sceneViewState":{"showFog":true,"showMaterialUpdate":true,"showSkybox":true,"showFlares":true,"showImageEffects":true,"showParticleSystems":true},"in2DMode":false,"pivot":{"x":-2.3470852375030519,"y":138.715576171875,"z":-212.0826416015625},"rotation":{"x":-0.1474355012178421,"y":-0.7095831036567688,"z":0.15558229386806489,"w":-0.6713455319404602},"size":13.216582298278809,"orthographic":false}