{"cameraMode":{"drawMode":0,"name":"Shaded","section":"Shading Mode"},"sceneLighting":false,"audioPlay":false,"sceneViewState":{"showFog":true,"showMaterialUpdate":true,"showSkybox":true,"showFlares":true,"showImageEffects":true,"showParticleSystems":true},"in2DMode":false,"pivot":{"x":512.3074340820313,"y":877.8671875,"z":-4.875539302825928},"rotation":{"x":0.015790151432156564,"y":0.11170199513435364,"z":-0.0018596758600324393,"w":0.9936797022819519},"size":668.869384765625,"orthographic":false}