{"cameraMode":{"drawMode":0,"name":"Shaded","section":"Shading Mode"},"sceneLighting":false,"audioPlay":false,"sceneViewState":{"showFog":true,"showMaterialUpdate":true,"showSkybox":true,"showFlares":true,"showImageEffects":true,"showParticleSystems":true},"in2DMode":false,"pivot":{"x":18.9587345123291,"y":44.29673767089844,"z":-41.45460510253906},"rotation":{"x":-0.26529398560523989,"y":-0.008701513521373272,"z":0.002358493860810995,"w":-0.9641929864883423},"size":215.7984161376953,"orthographic":false}