{"cameraMode":{"drawMode":0,"name":"Shaded","section":"Shading Mode"},"sceneLighting":false,"audioPlay":false,"sceneViewState":{"showFog":true,"showMaterialUpdate":true,"showSkybox":true,"showFlares":true,"showImageEffects":true,"showParticleSystems":true},"in2DMode":false,"pivot":{"x":18.172815322875978,"y":130.63438415527345,"z":-279.35784912109377},"rotation":{"x":0.20763257145881654,"y":0.6417853236198425,"z":-0.18656352162361146,"w":0.7142617106437683},"size":5.1285719871521,"orthographic":false}