{"cameraMode":{"drawMode":0,"name":"Shaded","section":"Shading Mode"},"sceneLighting":false,"audioPlay":false,"sceneViewState":{"showFog":true,"showMaterialUpdate":true,"showSkybox":true,"showFlares":true,"showImageEffects":true,"showParticleSystems":true},"in2DMode":false,"pivot":{"x":73.27851867675781,"y":80.02189636230469,"z":-146.75050354003907},"rotation":{"x":0.2544051706790924,"y":0.4476001560688019,"z":-0.13449715077877046,"w":0.8466742038726807},"size":158.25265502929688,"orthographic":false}