{"cameraMode":{"drawMode":0,"name":"Shaded","section":"Shading Mode"},"sceneLighting":false,"audioPlay":false,"sceneViewState":{"showFog":true,"showMaterialUpdate":true,"showSkybox":true,"showFlares":true,"showImageEffects":true,"showParticleSystems":true},"in2DMode":false,"pivot":{"x":735.9348754882813,"y":583.4852294921875,"z":-20.173828125},"rotation":{"x":0.04048905894160271,"y":0.01891130954027176,"z":-0.0006198714836500585,"w":0.9991205334663391},"size":571.51904296875,"orthographic":false}