{"cameraMode":{"drawMode":0,"name":"Shaded","section":"Shading Mode"},"sceneLighting":false,"audioPlay":false,"sceneViewState":{"showFog":true,"showMaterialUpdate":true,"showSkybox":true,"showFlares":true,"showImageEffects":true,"showParticleSystems":true},"in2DMode":false,"pivot":{"x":86.29398345947266,"y":248.76055908203126,"z":-15.6683349609375},"rotation":{"x":-0.11166217923164368,"y":0.005057979840785265,"z":-0.0005697601591236889,"w":-0.9937368631362915},"size":333.011474609375,"orthographic":false}