{"cameraMode":{"drawMode":0,"name":"Shaded","section":"Shading Mode"},"sceneLighting":false,"audioPlay":false,"sceneViewState":{"showFog":true,"showMaterialUpdate":true,"showSkybox":true,"showFlares":true,"showImageEffects":true,"showParticleSystems":true},"in2DMode":false,"pivot":{"x":567.9500122070313,"y":592.7000122070313,"z":0.0},"rotation":{"x":0.016498036682605745,"y":0.026414262130856515,"z":-0.00035904382821172476,"w":0.9996136426925659},"size":534.4051513671875,"orthographic":false}