{"cameraMode":{"drawMode":0,"name":"Shaded","section":"Shading Mode"},"sceneLighting":false,"audioPlay":false,"sceneViewState":{"showFog":true,"showMaterialUpdate":true,"showSkybox":true,"showFlares":true,"showImageEffects":true,"showParticleSystems":true},"in2DMode":false,"pivot":{"x":16.506999969482423,"y":130.71286010742188,"z":-121.41000366210938},"rotation":{"x":-0.18127372860908509,"y":-0.43207651376724245,"z":0.08911944180727005,"w":-0.8789204955101013},"size":3.256840705871582,"orthographic":false}