{"cameraMode":{"drawMode":0,"name":"Shaded","section":"Shading Mode"},"sceneLighting":false,"audioPlay":false,"sceneViewState":{"showFog":true,"showMaterialUpdate":true,"showSkybox":true,"showFlares":true,"showImageEffects":true,"showParticleSystems":true},"in2DMode":false,"pivot":{"x":15.300000190734864,"y":158.10000610351563,"z":-107.5999984741211},"rotation":{"x":0.3379642069339752,"y":-0.2591492831707001,"z":0.09736296534538269,"w":0.8995236754417419},"size":783.3187255859375,"orthographic":false}