{"cameraMode":{"drawMode":0,"name":"Shaded","section":"Shading Mode"},"sceneLighting":false,"audioPlay":false,"sceneViewState":{"showFog":true,"showMaterialUpdate":true,"showSkybox":true,"showFlares":true,"showImageEffects":true,"showParticleSystems":true},"in2DMode":false,"pivot":{"x":10.213644027709961,"y":130.489013671875,"z":-116.489990234375},"rotation":{"x":0.31412914395332339,"y":0.06827763468027115,"z":-0.02265763282775879,"w":0.9466543197631836},"size":36.5426025390625,"orthographic":false}