{"cameraMode":{"drawMode":0,"name":"Shaded","section":"Shading Mode"},"sceneLighting":false,"audioPlay":false,"sceneViewState":{"showFog":true,"showMaterialUpdate":true,"showSkybox":true,"showFlares":true,"showImageEffects":true,"showParticleSystems":true},"in2DMode":false,"pivot":{"x":515.4825439453125,"y":724.0999755859375,"z":0.0},"rotation":{"x":0.0374913364648819,"y":0.008994217030704022,"z":-0.00033713816083036363,"w":0.9992808699607849},"size":923.1812133789063,"orthographic":false}