{"cameraMode":{"drawMode":0,"name":"Shaded","section":"Shading Mode"},"sceneLighting":false,"audioPlay":false,"sceneViewState":{"showFog":true,"showMaterialUpdate":true,"showSkybox":true,"showFlares":true,"showImageEffects":true,"showParticleSystems":true},"in2DMode":false,"pivot":{"x":16.775041580200197,"y":111.33196258544922,"z":-134.54611206054688},"rotation":{"x":0.33620110154151919,"y":0.008767984807491303,"z":-0.003134775208309293,"w":0.9417429566383362},"size":147.5663604736328,"orthographic":false}