{"cameraMode":{"drawMode":0,"name":"Shaded","section":"Shading Mode"},"sceneLighting":false,"audioPlay":false,"sceneViewState":{"showFog":true,"showMaterialUpdate":true,"showSkybox":true,"showFlares":true,"showImageEffects":true,"showParticleSystems":true},"in2DMode":false,"pivot":{"x":23.32355499267578,"y":120.46949768066406,"z":-162.9162139892578},"rotation":{"x":-0.14197829365730287,"y":-0.026744777336716653,"z":0.0037997611798346044,"w":-0.9895661473274231},"size":63.44505310058594,"orthographic":false}