{"cameraMode":{"drawMode":0,"name":"Shaded","section":"Shading Mode"},"sceneLighting":false,"audioPlay":false,"sceneViewState":{"showFog":true,"showMaterialUpdate":true,"showSkybox":true,"showFlares":true,"showImageEffects":true,"showParticleSystems":true},"in2DMode":false,"pivot":{"x":9.403007507324219,"y":139.67530822753907,"z":-115.67362976074219},"rotation":{"x":0.16352571547031403,"y":-0.7727178931236267,"z":0.2216494232416153,"w":0.5721732974052429},"size":37.30939483642578,"orthographic":false}