{"cameraMode":{"drawMode":0,"name":"Shaded","section":"Shading Mode"},"sceneLighting":false,"audioPlay":false,"sceneViewState":{"showFog":true,"showMaterialUpdate":true,"showSkybox":true,"showFlares":true,"showImageEffects":true,"showParticleSystems":true},"in2DMode":false,"pivot":{"x":-29.112060546875,"y":36.865333557128909,"z":-20.00041961669922},"rotation":{"x":0.017976930364966394,"y":-0.9279748797416687,"z":0.36945709586143496,"w":0.045141059905290607},"size":168.48048400878907,"orthographic":false}