{"cameraMode":{"drawMode":0,"name":"Shaded","section":"Shading Mode"},"sceneLighting":false,"audioPlay":false,"sceneViewState":{"showFog":true,"showMaterialUpdate":true,"showSkybox":true,"showFlares":true,"showImageEffects":true,"showParticleSystems":true},"in2DMode":false,"pivot":{"x":18.229263305664064,"y":133.66490173339845,"z":-127.38890075683594},"rotation":{"x":0.12864747643470765,"y":0.11575088649988175,"z":-0.01512163132429123,"w":0.9847991466522217},"size":5.343236923217773,"orthographic":false}