{"cameraMode":{"drawMode":0,"name":"Shaded","section":"Shading Mode"},"sceneLighting":false,"audioPlay":false,"sceneViewState":{"showFog":true,"showMaterialUpdate":true,"showSkybox":true,"showFlares":true,"showImageEffects":true,"showParticleSystems":true},"in2DMode":false,"pivot":{"x":43.642269134521487,"y":122.39376831054688,"z":-160.35983276367188},"rotation":{"x":-0.22673606872558595,"y":-0.3746994137763977,"z":0.09504088759422302,"w":-0.8939547538757324},"size":121.81132507324219,"orthographic":false}