{"cameraMode":{"drawMode":0,"name":"Shaded","section":"Shading Mode"},"sceneLighting":false,"audioPlay":false,"sceneViewState":{"showFog":true,"showMaterialUpdate":true,"showSkybox":true,"showFlares":true,"showImageEffects":true,"showParticleSystems":true},"in2DMode":false,"pivot":{"x":0.5919828414916992,"y":-1.9775619506835938,"z":12.336880683898926},"rotation":{"x":-0.2436111867427826,"y":0.6592715978622437,"z":-0.23982055485248567,"w":-0.669638454914093},"size":20.649662017822267,"orthographic":false}