{"cameraMode":{"drawMode":0,"name":"Shaded","section":"Shading Mode"},"sceneLighting":false,"audioPlay":false,"sceneViewState":{"showFog":true,"showMaterialUpdate":true,"showSkybox":true,"showFlares":true,"showImageEffects":true,"showParticleSystems":true},"in2DMode":false,"pivot":{"x":17.097400665283204,"y":67.73003387451172,"z":-127.61241912841797},"rotation":{"x":0.39475154876708987,"y":0.01929253339767456,"z":-0.00829234067350626,"w":0.9185367226600647},"size":166.96197509765626,"orthographic":false}