{"cameraMode":{"drawMode":0,"name":"Shaded","section":"Shading Mode"},"sceneLighting":false,"audioPlay":false,"sceneViewState":{"showFog":true,"showMaterialUpdate":true,"showSkybox":true,"showFlares":true,"showImageEffects":true,"showParticleSystems":true},"in2DMode":false,"pivot":{"x":-11.413996696472168,"y":164.24371337890626,"z":-222.70236206054688},"rotation":{"x":-0.1592562347650528,"y":-0.08437512069940567,"z":0.013490483164787293,"w":-0.9836119413375855},"size":37.33966827392578,"orthographic":false}