{"cameraMode":{"drawMode":0,"name":"Shaded","section":"Shading Mode"},"sceneLighting":false,"audioPlay":false,"sceneViewState":{"showFog":true,"showMaterialUpdate":true,"showSkybox":false,"showFlares":true,"showImageEffects":true,"showParticleSystems":true},"in2DMode":false,"pivot":{"x":-11.285287857055664,"y":-0.2095956802368164,"z":0.46951866149902346},"rotation":{"x":-0.031494200229644778,"y":0.861549973487854,"z":-0.05382164940237999,"w":-0.5038734078407288},"size":25.39114761352539,"orthographic":false}