{"cameraMode":{"drawMode":0,"name":"Shaded","section":"Shading Mode"},"sceneLighting":false,"audioPlay":false,"sceneViewState":{"showFog":true,"showMaterialUpdate":true,"showSkybox":true,"showFlares":true,"showImageEffects":true,"showParticleSystems":true},"in2DMode":false,"pivot":{"x":-28.1769962310791,"y":36.865333557128909,"z":28.176998138427736},"rotation":{"x":-0.34636837244033816,"y":-0.07531216740608216,"z":0.027919776737689973,"w":-0.9346450567245483},"size":185.64405822753907,"orthographic":false}