{"cameraMode":{"drawMode":0,"name":"Shaded","section":"Shading Mode"},"sceneLighting":false,"audioPlay":false,"sceneViewState":{"showFog":true,"showMaterialUpdate":true,"showSkybox":true,"showFlares":true,"showImageEffects":true,"showParticleSystems":true},"in2DMode":false,"pivot":{"x":18.5,"y":130.85423278808595,"z":-281.1000061035156},"rotation":{"x":0.26613444089889529,"y":-0.010120447725057602,"z":0.002793759573251009,"w":0.963869571685791},"size":5.1285719871521,"orthographic":false}