{"cameraMode":{"drawMode":0,"name":"Shaded","section":"Shading Mode"},"sceneLighting":false,"audioPlay":false,"sceneViewState":{"showFog":true,"showMaterialUpdate":true,"showSkybox":true,"showFlares":true,"showImageEffects":true,"showParticleSystems":true},"in2DMode":false,"pivot":{"x":19.214595794677736,"y":135.11595153808595,"z":-103.26741790771485},"rotation":{"x":0.004827772732824087,"y":-0.9338092803955078,"z":0.35790953040122988,"w":0.013939968310296536},"size":27.477752685546876,"orthographic":false}