{"cameraMode":{"drawMode":0,"name":"Shaded","section":"Shading Mode"},"sceneLighting":false,"audioPlay":false,"sceneViewState":{"showFog":true,"showMaterialUpdate":true,"showSkybox":true,"showFlares":true,"showImageEffects":true,"showParticleSystems":true},"in2DMode":false,"pivot":{"x":730.8438720703125,"y":420.2939453125,"z":-30.707763671875},"rotation":{"x":-0.05397552251815796,"y":-0.011999836191534996,"z":0.0006118845194578171,"w":-0.9985354542732239},"size":598.8587646484375,"orthographic":false}