{"cameraMode":{"drawMode":0,"name":"Shaded","section":"Shading Mode"},"sceneLighting":false,"audioPlay":false,"sceneViewState":{"showFog":true,"showMaterialUpdate":true,"showSkybox":true,"showFlares":true,"showImageEffects":true,"showParticleSystems":true},"in2DMode":false,"pivot":{"x":18.693042755126954,"y":81.40875244140625,"z":-152.01980590820313},"rotation":{"x":-0.4863356351852417,"y":-0.003411146579310298,"z":0.0019012285629287363,"w":-0.8737604022026062},"size":122.34262084960938,"orthographic":false}