{"cameraMode":{"drawMode":0,"name":"Shaded","section":"Shading Mode"},"sceneLighting":false,"audioPlay":false,"sceneViewState":{"showFog":true,"showMaterialUpdate":true,"showSkybox":true,"showFlares":true,"showImageEffects":true,"showParticleSystems":true},"in2DMode":false,"pivot":{"x":74.29812622070313,"y":80.08855438232422,"z":-143.0396728515625},"rotation":{"x":0.2553209364414215,"y":0.3670041859149933,"z":-0.10549516975879669,"w":0.8882595300674439},"size":181.9688262939453,"orthographic":false}