{"cameraMode":{"drawMode":0,"name":"Shaded","section":"Shading Mode"},"sceneLighting":false,"audioPlay":false,"sceneViewState":{"showFog":true,"showMaterialUpdate":true,"showSkybox":true,"showFlares":true,"showImageEffects":true,"showParticleSystems":true},"in2DMode":false,"pivot":{"x":14.391904830932618,"y":127.69615936279297,"z":-204.259521484375},"rotation":{"x":0.4041612446308136,"y":-0.03565846011042595,"z":0.01577029936015606,"w":0.9138560891151428},"size":27.21822738647461,"orthographic":false}