{"cameraMode":{"drawMode":0,"name":"Shaded","section":"Shading Mode"},"sceneLighting":false,"audioPlay":false,"sceneViewState":{"showFog":true,"showMaterialUpdate":false,"showSkybox":true,"showFlares":true,"showImageEffects":true,"showParticleSystems":true},"in2DMode":false,"pivot":{"x":18.500001907348634,"y":131.17572021484376,"z":-296.1988830566406},"rotation":{"x":0.36844322085380556,"y":0.016732484102249147,"z":-0.006632713135331869,"w":0.9294760227203369},"size":3.8612494468688967,"orthographic":false}