{"cameraMode":{"drawMode":0,"name":"Shaded","section":"Shading Mode"},"sceneLighting":false,"audioPlay":false,"sceneViewState":{"showFog":true,"showMaterialUpdate":true,"showSkybox":true,"showFlares":true,"showImageEffects":true,"showParticleSystems":true},"in2DMode":false,"pivot":{"x":11.508037567138672,"y":139.40830993652345,"z":-236.00796508789063},"rotation":{"x":0.1812926083803177,"y":0.0854383334517479,"z":-0.015814481303095819,"w":0.9795876145362854},"size":65.50102996826172,"orthographic":false}