{"cameraMode":{"drawMode":0,"name":"Shaded","section":"Shading Mode"},"sceneLighting":false,"audioPlay":false,"sceneViewState":{"showFog":true,"showMaterialUpdate":true,"showSkybox":true,"showFlares":true,"showImageEffects":true,"showParticleSystems":true},"in2DMode":false,"pivot":{"x":571.8436889648438,"y":364.1654052734375,"z":22.09149169921875},"rotation":{"x":0.032988548278808597,"y":0.019475476816296579,"z":0.0006119427853263915,"w":-0.9993270635604858},"size":1009.203857421875,"orthographic":false}