{"cameraMode":{"drawMode":0,"name":"Shaded","section":"Shading Mode"},"sceneLighting":false,"audioPlay":false,"sceneViewState":{"showFog":true,"showMaterialUpdate":true,"showSkybox":true,"showFlares":true,"showImageEffects":true,"showParticleSystems":true},"in2DMode":false,"pivot":{"x":41.552371978759769,"y":137.33428955078126,"z":-190.2666015625},"rotation":{"x":0.3795487880706787,"y":0.021663907915353776,"z":-0.008955124765634537,"w":0.9249367117881775},"size":28.055160522460939,"orthographic":false}